{
    "colorScheme": "Nord",
    "dynamicColorMode": "atmos",
    "uiMode": "oldui",
    "hideWindowsControls": true,
    "hideWindowsControlsValues": {
        "height": "31",
        "width": "135",
        "filter": "2.13"
    },
    "customFont": true,
    "customFontName": "Quicksand",
    "customFontURL": "https://fonts.googleapis.com/css2?family=Quicksand:wght@500&display=swap",
    "fontSizeBool": false,
    "fontSize": "100%",
    "autoExpandLibX": true,
    "minimalistLibX": true,

    "showBanner": true,
    "fullPageBanner": true,
    "bannersInLyricsPage": true,
    "songBannersOnly": false,
    "changeCoverArtOnSongChange": true,
    "hidePageDetails": false,
    "bannerBlur": false,
    "bannerBlurValue": "10",
    "fitBannerImage": false,

    "hideHomePageRecommendation": false,
    "hoverTime": true,
    "hideSimilarSongsRecommendation": false,
    "hidePlaylistImageEditButton": false,
    "hideLikedSongsCard": false,
    "centeredLyrics": false,

    "quickSearch": false,
    "search": false,
    "redo": false,

    "rightClickToReload": false,

    "bannerPosition": {
        "a:5YDSZWizEYBsXgk6kwxvMn": "30"
    },

    "colorSchemes": {
        "Nord": {
            "Name": "Nord",
            "text": "#B2BCCC",
            "subtext": "#B2BCCC",
            "main": "#2E3440",
            "sidebar": "#262B35",
            "player": "#2E3440",
            "card": "#2E3440",
            "button": "#8A99AF",
            "buttonActive": "#718CAD",
            "buttonDisabled": "#434C5E",
            "notification": "#363D4C",
            "notificationError": "#A9555E",
            "shadow": "#1D2128",
            "tabActive": "#363D4C",
            "playbackBar": "#DEDEDE",
            "misc": "#434C5E",
            "selectedRow": "#DEDEDE",
            "customMainSecondary": "#3B4354",
            "customMainSoftSecondary": "#363D4C",
            "customHighlight": "#454E61",
            "customLinkHover": "#5687C5",
            "customSelectedButton": "#4C566A",
            "customSubdued": "#8A99AF",
            "customSuccess": "#76BA99"
        },
        "Nightly": {
            "Name": "Nightly",
            "text": "#8A9CBC",
            "subtext": "#8A9CBC",
            "main": "#1D2428",
            "sidebar": "#181E24",
            "player": "#1D2428",
            "card": "#1D2428",
            "button": "#687791",
            "buttonActive": "#879ABC",
            "buttonDisabled": "#33424A",
            "notification": "#242D35",
            "notificationError": "#A9555E",
            "shadow": "#1D2128",
            "tabActive": "#242D35",
            "playbackBar": "#DEDEDE",
            "misc": "#33424A",
            "selectedRow": "#DEDEDE",
            "customMainSecondary": "#2B363E",
            "customMainSoftSecondary": "#242D35",
            "customHighlight": "#34414B",
            "customLinkHover": "#95B5F0",
            "customSelectedButton": "#33424A",
            "customSubdued": "#7084A1",
            "customSuccess": "#76BA99"
        },
        "Discord": {
            "Name": "Discord",
            "text": "#A4ACBC",
            "subtext": "#A4ACBC",
            "main": "#36393F",
            "sidebar": "#2F3136",
            "player": "#36393F",
            "card": "#36393F",
            "button": "#8A99AF",
            "buttonActive": "#A4BADB",
            "buttonDisabled": "#565D67",
            "notification": "#40444B",
            "notificationError": "#C03947",
            "shadow": "#1D2128",
            "tabActive": "#40444B",
            "playbackBar": "#DEDEDE",
            "misc": "#565D67",
            "selectedRow": "#DEDEDE",
            "customMainSecondary": "#474B52",
            "customMainSoftSecondary": "#40444B",
            "customHighlight": "#51555D",
            "customLinkHover": "#B3CBFF",
            "customSelectedButton": "#5865F2",
            "customSubdued": "#757F95",
            "customSuccess": "#389C57"
        },
        "Spotify": {
            "Name": "Spotify",
            "text": "#B3B3B3",
            "subtext": "#B3B3B3",
            "main": "#121212",
            "sidebar": "#000000",
            "player": "#121212",
            "card": "#121212",
            "button": "#1DB954",
            "buttonActive": "#1ED760",
            "buttonDisabled": "#535353",
            "notification": "#4687D6",
            "notificationError": "#E22134",
            "shadow": "#000000",
            "tabActive": "#333333",
            "playbackBar": "#DEDEDE",
            "misc": "#535353",
            "selectedRow": "#DEDEDE",
            "customMainSecondary": "#2A2A2A",
            "customMainSoftSecondary": "#202020",
            "customHighlight": "#5A5A5A",
            "customLinkHover": "#1DB954",
            "customSelectedButton": "#505050",
            "customSubdued": "#7A7A7A",
            "customSuccess": "#1DB954"
        },
        "Blood": {
            "Name": "Blood",
            "notificationError": "#A9555E",
            "shadow": "#1D2128",
            "playbackBar": "#DEDEDE",
            "selectedRow": "#DEDEDE",
            "customSuccess": "#76BA99",
            "card": "#712637",
            "player": "#712637",
            "main": "#712637",
            "tabActive": "#7d3040",
            "notification": "#7d3040",
            "customMainSoftSecondary": "#7d3040",
            "customMainSecondary": "#843746",
            "sidebar": "#661f2f",
            "button": "#bd6977",
            "buttonActive": "#cc7785",
            "misc": "#8f404f",
            "buttonDisabled": "#8f404f",
            "subtext": "#e68f9c",
            "text": "#e68f9c",
            "customSubdued": "#c26e7b",
            "customLinkHover": "#ffb1be",
            "customHighlight": "#a35261",
            "customSelectedButton": "#a35261"
        },
        "Chocolate": {
            "Name": "Chocolate",
            "notificationError": "#A9555E",
            "shadow": "#1D2128",
            "playbackBar": "#DEDEDE",
            "selectedRow": "#DEDEDE",
            "customSuccess": "#76BA99",
            "card": "#3e2d29",
            "player": "#3e2d29",
            "main": "#3e2d29",
            "tabActive": "#473632",
            "notification": "#473632",
            "customMainSoftSecondary": "#473632",
            "customMainSecondary": "#4e3c38",
            "sidebar": "#362623",
            "button": "#806b67",
            "buttonActive": "#8e7975",
            "misc": "#574541",
            "buttonDisabled": "#574541",
            "subtext": "#a6908c",
            "text": "#a6908c",
            "customSubdued": "#84706c",
            "customLinkHover": "#c8b1ad",
            "customHighlight": "#695551",
            "customSelectedButton": "#695551"
        },
        "Mint": {
            "Name": "Mint",
            "notificationError": "#A9555E",
            "shadow": "#1D2128",
            "playbackBar": "#DEDEDE",
            "selectedRow": "#DEDEDE",
            "customSuccess": "#76BA99",
            "card": "#294f45",
            "player": "#294f45",
            "main": "#294f45",
            "tabActive": "#33594e",
            "notification": "#33594e",
            "customMainSoftSecondary": "#33594e",
            "customMainSecondary": "#395f55",
            "sidebar": "#23463c",
            "button": "#6b9387",
            "buttonActive": "#78a195",
            "misc": "#43695e",
            "buttonDisabled": "#43695e",
            "subtext": "#90b9ad",
            "text": "#90b9ad",
            "customSubdued": "#6f978b",
            "customLinkHover": "#b2dccf",
            "customHighlight": "#547b70",
            "customSelectedButton": "#547b70"
        }
    }
}
